url,title
tvshow-634-10.html,'Allo 'Allo
tvshow-486-1.html,10 Things I Hate About You
tvshow-700-1.html,100 Questions
tvshow-1110-1.html,1066: The Battle for Middle Earth
tvshow-875-2.html,12 oz. Mouse
tvshow-1226-1.html,1600 Penn
tvshow-739-2.html,18 to Life
tvshow-899-2.html,18 Wheels of Justice
tvshow-985-2.html,2 Broke Girls
tvshow-38-8.html,24
tvshow-451-1.html,3 Lbs
tvshow-46-7.html,30 Rock
tvshow-943-1.html,32 Brinkburn Street
tvshow-653-6.html,3rd Rock from the Sun
tvshow-1171-2.html,55 Degrees North
tvshow-271-1.html,5ive Days to Midnight
tvshow-1205-1.html,666 Park Avenue
tvshow-419-11.html,7th Heaven
tvshow-642-3.html,8 Simple Rules
tvshow-244-5.html,90210
tvshow-361-4.html,A Bit of Fry and Laurie
tvshow-993-1.html,A Gifted Man
tvshow-1229-1.html,A Young Doctor's Notebook
tvshow-616-4.html,Above Suspicion
tvshow-500-2.html,Absolute Power
tvshow-508-1.html,Accidentally on Purpose
tvshow-537-8.html,According to Jim
tvshow-823-2.html,Accused
tvshow-1311-7.html,Adam-12
tvshow-971-2.html,Adini Feriha Koydum (I named her Feriha)
tvshow-1219-5.html,Adventure Time
tvshow-313-1.html,Afro Samurai
tvshow-200-2.html,Afterlife
tvshow-955-1.html,Against The Wall
tvshow-613-5.html,Agatha Christie's Marple
tvshow-992-2.html,Agatha Christie's Poirot
tvshow-1034-4.html,Aguila Roja
tvshow-1092-11.html,Air Crash Investigation
tvshow-1075-1.html,Akta Manniskor
tvshow-1038-1.html,Alcatraz
tvshow-340-4.html,Alf
tvshow-394-7.html,Alfred Hitchcock Presents
tvshow-5-5.html,Alias
tvshow-593-1.html,Alice
tvshow-1072-1.html,Alien Nation
tvshow-119-1.html,Aliens in America
tvshow-819-7.html,All Creatures Great and Small
tvshow-311-1.html,All In
tvshow-916-9.html,All in the Family
tvshow-761-1.html,All the Small Things
tvshow-1085-1.html,Allen Gregory
tvshow-1172-2.html,Alleyn Mysteries
tvshow-158-5.html,Ally McBeal
tvshow-945-2.html,Alphas
tvshow-570-2.html,Amazing STories
tvshow-852-18.html,America's Next Top Model
tvshow-138-8.html,American Dad!
tvshow-545-1.html,American Gothic
tvshow-994-2.html,American Horror Story
tvshow-251-11.html,American Idol
tvshow-1112-4.html,Ancient Aliens
tvshow-304-1.html,Ancient Rome - The Rise and Fall of an Empire
tvshow-1211-1.html,Ancient Rome: The Rise and Fall of an Empire
tvshow-60-5.html,Andromeda
tvshow-49-1.html,"Andy Barker, P.I."
tvshow-98-5.html,Angel
tvshow-562-1.html,Angels in America
tvshow-1140-2.html,Anger Management
tvshow-1166-1.html,Animal Practice
tvshow-1033-3.html,Anna Pihl
tvshow-1243-1.html,Anno 1790
tvshow-1011-3.html,Anyone But Me
tvshow-391-1.html,Apparitions
tvshow-972-1.html,Appropriate Adult
tvshow-728-7.html,Aqua Teen Hunger Force
tvshow-546-1.html,Aquaman
tvshow-624-3.html,Archer
tvshow-1060-2.html,Arctic Air
tvshow-705-2.html,Are We There Yet?
tvshow-1155-10.html,Are you being served?
tvshow-1058-1.html,"Are You There, Chelsea?"
tvshow-951-1.html,Aristocrats
tvshow-242-6.html,Army Wives
tvshow-161-3.html,Arrested Development
tvshow-1184-1.html,Arrow
tvshow-151-3.html,Ashes to Ashes
tvshow-859-1.html,Athena: Goddess of War
tvshow-878-1.html,Atlantis
tvshow-125-3.html,Avatar: The Last Airbender
tvshow-843-1.html,Avengers: Earth’s Mightiest Heroes
tvshow-679-1.html,Awake
tvshow-950-3.html,Awkward
tvshow-1139-2.html,Baby Daddy
tvshow-367-5.html,Babylon 5
tvshow-183-1.html,Back to You
tvshow-432-8.html,Bad Girls
tvshow-1018-1.html,Bag of Bones
tvshow-143-1.html,Band of Brothers
tvshow-1236-1.html,Banshee
tvshow-879-1.html,Bar Karma
tvshow-1266-1.html,Bates Motel
tvshow-1224-3.html,Batman Beyond
tvshow-644-4.html,Batman: The Animated Series
tvshow-427-1.html,Batman: The Brave and The Bold
tvshow-42-4.html,Battlestar Galactica
tvshow-206-1.html,Battlestar Galactica 1978
tvshow-209-1.html,Battlestar Galactica 1980
tvshow-1241-1.html,Battlestar Galactica: Blood & Chrome
tvshow-468-11.html,Baywatch
tvshow-657-2.html,Beautiful People (UK)
tvshow-599-3.html,Beauty and the Beast
tvshow-1196-1.html,Beauty and the Beast
tvshow-953-2.html,Beaver Falls
tvshow-998-9.html,Beavis and Butt-Head
tvshow-974-1.html,Becker
tvshow-398-1.html,Bed Of Roses
tvshow-905-2.html,Bedlam
tvshow-296-4.html,Being Erica
tvshow-293-5.html,Being Human
tvshow-846-3.html,Being Human (US)
tvshow-437-4.html,Belphégor
tvshow-459-4.html,Ben 10
tvshow-456-2.html,Ben 10: Alien Force
tvshow-1187-1.html,Ben and Kate
tvshow-760-1.html,Ben Hur
tvshow-1088-1.html,Bent
tvshow-1100-1.html,Best Friends Forever
tvshow-362-2.html,Better Off Ted
tvshow-787-1.html,Better With You
tvshow-1123-2.html,Betty White's Off Their Rockers
tvshow-342-10.html,"Beverly Hills, 90210"
tvshow-782-8.html,Bewitched
tvshow-1025-15.html,Big Brother US
tvshow-237-1.html,Big Day
tvshow-88-5.html,Big Love
tvshow-137-1.html,Big Shots
tvshow-1102-3.html,Big Time Rush
tvshow-648-3.html,Big Wolf On Campus
tvshow-113-1.html,Bionic Woman
tvshow-369-1.html,Birds of Prey
tvshow-1081-1.html,Birdsong
tvshow-176-4.html,Black Adder
tvshow-175-3.html,Black Books
tvshow-1183-1.html,Black Dynamite
tvshow-1020-2.html,Black Mirror
tvshow-1145-1.html,Blackout
tvshow-314-1.html,Blackpool
tvshow-177-1.html,Blade
tvshow-1096-4.html,Blake's 7
tvshow-499-1.html,Bleak house
tvshow-792-1.html,Bleep My Dad Says
tvshow-559-1.html,Blind Justice
tvshow-140-2.html,Blood Ties
tvshow-793-3.html,Blue Bloods
tvshow-615-3.html,Blue Mountain State
tvshow-774-3.html,Boardwalk Empire
tvshow-1071-3.html,Bob's Burgers
tvshow-804-3.html,Body Of Proof
tvshow-1133-1.html,Bomb Girls
tvshow-227-1.html,Bonekickers
tvshow-59-8.html,Bones
tvshow-530-3.html,Bored To Death
tvshow-889-1.html,Borgen
tvshow-1005-2.html,Borgia
tvshow-1008-2.html,Boss
tvshow-77-5.html,Boston Legal
tvshow-707-2.html,Boston Med
tvshow-845-4.html,Boston Public
tvshow-771-1.html,Bouquet of Barbed Wire
tvshow-443-1.html,Boy Meets Girl 2009
tvshow-1050-7.html,Boy Meets World
tvshow-826-1.html,Boys Over Flowers
tvshow-133-5.html,Breaking Bad
tvshow-900-2.html,Breaking In
tvshow-866-2.html,Breakout Kings
tvshow-1165-1.html,Brickleberry
tvshow-781-1.html,Bright Falls
tvshow-466-1.html,Brimstone
tvshow-191-1.html,Britannia High
tvshow-1261-1.html,Broadchurch
tvshow-1083-1.html,Bron
tvshow-1291-1.html,Brooklyn DA
tvshow-210-3.html,Brotherhood
tvshow-533-1.html,Brothers
tvshow-66-5.html,Brothers & Sisters
tvshow-373-2.html,Buck Rogers in the 25th Century
tvshow-99-7.html,Buffy the Vampire Slayer
tvshow-1169-1.html,Bullet in the Face
tvshow-1135-1.html,Bunheads
tvshow-50-7.html,Burn Notice
tvshow-103-6.html,Californication
tvshow-838-3.html,Call Me Fitz
tvshow-1245-2.html,Call the Midwife
tvshow-837-1.html,Camelot
tvshow-1307-1.html,Camp
tvshow-766-1.html,Cane
tvshow-371-1.html,Canterbury's Law
tvshow-678-2.html,Capadocia
tvshow-416-1.html,Caprica
tvshow-832-1.html,Carlos
tvshow-170-2.html,Carnivale
tvshow-146-1.html,Carpoolers
tvshow-687-1.html,Carrier
tvshow-742-1.html,Casanova
tvshow-924-1.html,Case Histories
tvshow-920-1.html,Case Sensitive
tvshow-129-1.html,Cashmere Mafia
tvshow-329-5.html,Castle
tvshow-896-1.html,Chaos
tvshow-285-1.html,Charlie Jade
tvshow-986-1.html,Charlie's Angels
tvshow-87-8.html,Charmed
tvshow-778-1.html,Chase
tvshow-1194-1.html,Chicago Fire
tvshow-733-4.html,Childrens Hospital
tvshow-111-5.html,Chuck
tvshow-741-4.html,Cidade dos homens
tvshow-257-1.html,City of vice
tvshow-659-2.html,Cleopatra 2525
tvshow-265-1.html,Clerks
tvshow-414-1.html,Clone
tvshow-555-2.html,Close to Home
tvshow-696-3.html,Clueless
tvshow-524-1.html,Cobra The Psychogun
tvshow-95-7.html,Cold Case
tvshow-596-1.html,Collision
tvshow-964-13.html,Columbo
tvshow-1173-1.html,Coma
tvshow-933-1.html,Combat Hospital
tvshow-649-5.html,Combat!
tvshow-835-1.html,Come Fly With Me
tvshow-1080-1.html,Comic Book Men
tvshow-906-1.html,Commander In Chief
tvshow-1119-1.html,Common Law
tvshow-507-4.html,Community
tvshow-490-1.html,Complete Savages
tvshow-1125-2.html,Continuum
tvshow-1170-2.html,Copper
tvshow-610-1.html,Cosmos - Carl Sagan
tvshow-509-4.html,Cougar Town
tvshow-504-4.html,Count Duckula
tvshow-458-4.html,Coupling
tvshow-731-4.html,Covert Affairs
tvshow-1292-4.html,Cracker
tvshow-247-2.html,Cranford
tvshow-336-2.html,Crash
tvshow-563-2.html,Criminal Justice
tvshow-106-8.html,Criminal Minds
tvshow-877-1.html,Criminal Minds: Suspect Behavior
tvshow-195-2.html,Crooked House
tvshow-469-6.html,Crossing Jordan
tvshow-1296-1.html,Crossing Lines
tvshow-1022-1.html,Crownies
tvshow-295-1.html,Crusade
tvshow-317-1.html,Crusoe
tvshow-27-13.html,CSI
tvshow-51-10.html,CSI Miami
tvshow-52-9.html,CSI NY
tvshow-1212-1.html,Cuckoo
tvshow-1262-1.html,Cult
tvshow-388-1.html,Cupid 2009
tvshow-69-8.html,Curb Your Enthusiasm
tvshow-822-1.html,Da Ali G Show
tvshow-1280-1.html,Da Vinci's Demons
tvshow-646-14.html,Dallas
tvshow-1127-2.html,Dallas 2012
tvshow-124-5.html,Damages
tvshow-720-1.html,Dan for Mayor
tvshow-1206-3.html,Dan Vs.
tvshow-407-1.html,Daniel Deronda
tvshow-460-3.html,Danny Phantom
tvshow-389-3.html,Dante's Cove
tvshow-298-5.html,Daria
tvshow-131-2.html,Dark Angel
tvshow-493-2.html,Dark Blue
tvshow-491-3.html,Darkwing Duck
tvshow-434-6.html,Dawson's Creek
tvshow-6-1.html,Day Break
tvshow-798-3.html,DCI Banks: Aftermath
tvshow-13-2.html,Dead Like Me
tvshow-353-1.html,Dead Set
tvshow-48-3.html,Deadwood
tvshow-1014-2.html,Death in Paradise
tvshow-960-1.html,Death Valley
tvshow-1231-1.html,Deception
tvshow-1281-1.html,Defiance
tvshow-487-1.html,Defying Gravity
tvshow-1163-12.html,Degrassi
tvshow-214-1.html,Demons
tvshow-1316-1.html,Den Som Draeber (Those Who Kill)
tvshow-1254-1.html,Derek
tvshow-29-8.html,Desperate Housewives
tvshow-495-1.html,Desperate Romantics
tvshow-783-1.html,Detroit 1-8-7
tvshow-1283-1.html,Devious Maids
tvshow-55-8.html,Dexter
tvshow-628-1.html,Dexter (Early Cuts)
tvshow-276-5.html,Dharma & Greg
tvshow-1256-2.html,Digimon Adventure
tvshow-1098-1.html,Dirk Gently
tvshow-145-2.html,Dirt
tvshow-118-2.html,Dirty Sexy Money
tvshow-1114-1.html,Divine: The Series
tvshow-252-1.html,Do Not Disturb
tvshow-601-5.html,Doc Martin
tvshow-141-7.html,Doctor Who
tvshow-1239-26.html,Doctor Who 1963
tvshow-691-6.html,Doctor Who Confidential
tvshow-448-2.html,Dollhouse
tvshow-1105-2.html,Don't Trust The Bitch In Apartment 23
tvshow-1028-4.html,"Doogie Howser, M.D."
tvshow-799-3.html,Downton Abbey
tvshow-594-1.html,Dr. Horrible's Sing-Along Blog
tvshow-670-6.html,Dr. Quinn Medicine Woman
tvshow-1064-5.html,Dragon Ball
tvshow-1093-5.html,Dragon Ball Z
tvshow-979-3.html,Drawn Together
tvshow-97-1.html,Drive
tvshow-494-4.html,Drop Dead Diva
tvshow-503-1.html,Dune
tvshow-497-3.html,Durham County
tvshow-266-1.html,E-Ring
tvshow-970-4.html,Early Edition
tvshow-309-1.html,Earth 2
tvshow-661-5.html,Earth: Final Conflict
tvshow-1095-3.html,East West 101
tvshow-368-3.html,Eastbound & Down
tvshow-474-1.html,Eastwick
tvshow-1233-1.html,Edge Of Darkness
tvshow-1158-2.html,El Barco
tvshow-833-7.html,El internado
tvshow-1192-1.html,Elementary
tvshow-292-1.html,Eleventh Hour
tvshow-149-2.html,Eli Stone
tvshow-1197-1.html,Emily Owens MD
tvshow-547-1.html,Emma
tvshow-885-1.html,Endgame
tvshow-1147-3.html,Engrenages
tvshow-1016-2.html,Enlightened
tvshow-25-8.html,Entourage
tvshow-815-2.html,Episodes
tvshow-39-15.html,ER
tvshow-1047-1.html,Eternal Law
tvshow-43-5.html,Eureka
tvshow-436-4.html,Everwood
tvshow-81-4.html,Everybody Hates Chris
tvshow-86-9.html,Everybody Loves Raymond
tvshow-199-2.html,Exes & Ohs
tvshow-939-1.html,Expedition Impossible
tvshow-142-2.html,Extras
tvshow-1309-3.html,Eyeshield 21
tvshow-387-2.html,F/X: The Series
tvshow-853-2.html,Fairly Legal
tvshow-101-1.html,Fallen
tvshow-888-3.html,Falling Skies
tvshow-1152-6.html,Fame
tvshow-62-11.html,Family Guy
tvshow-1258-1.html,Family Tools
tvshow-963-5.html,Fantaghiro
tvshow-92-5.html,Farscape
tvshow-268-3.html,Father Ted
tvshow-178-2.html,Fawlty Towers
tvshow-201-1.html,Fear Itself
tvshow-217-4.html,Felicity
tvshow-915-2.html,Femme Fatales
tvshow-738-1.html,"Filthy, Rich and Catflap"
tvshow-84-1.html,Firefly
tvshow-860-1.html,First Wave
tvshow-713-1.html,Five Daughters
tvshow-541-1.html,Five Days
tvshow-655-2.html,Five Days
tvshow-134-1.html,Flash Gordon
tvshow-463-1.html,FlashForward
tvshow-221-5.html,Flashpoint
tvshow-372-2.html,Flight of the Conchords
tvshow-339-1.html,FM
tvshow-301-1.html,Forbidden Science
tvshow-1036-3.html,Forbrydelsen
tvshow-811-1.html,Four Kings
tvshow-212-8.html,Foyle's war
tvshow-907-3.html,Franklin & Bash
tvshow-1143-3.html,Franklin and Bash
tvshow-539-11.html,Frasier
tvshow-275-1.html,Freaks and Geeks
tvshow-981-1.html,Free Agents
tvshow-1141-2.html,Fresh Meat
tvshow-1040-1.html,Friday Night Dinner
tvshow-57-5.html,Friday Night Lights
tvshow-725-3.html,Friday the 13th: The Series
tvshow-65-10.html,Friends
tvshow-957-1.html,Friends With Benefits
tvshow-204-5.html,Fringe
tvshow-973-1.html,From the Earth to the Moon
tvshow-1049-8.html,Full House
tvshow-126-7.html,Futurama
tvshow-863-1.html,G.I. Joe: Renegades
tvshow-1031-1.html,Galapagos (BBC)
tvshow-911-3.html,Game of Thrones
tvshow-605-3.html,Garrow's Law: Tales From The Old Bailey
tvshow-692-1.html,Garth Marenghi's Darkplace
tvshow-264-2.html,Gary Unmarried
tvshow-1167-1.html,Gates
tvshow-269-3.html,Gavin and Stacey
tvshow-1084-1.html,GCB
tvshow-223-1.html,Generation Kill
tvshow-453-3.html,George Gently
tvshow-14-5.html,Ghost Whisperer
tvshow-1144-1.html,Ghostfacers
tvshow-28-7.html,Gilmore Girls
tvshow-1107-2.html,Girls
tvshow-712-1.html,Girls Gone Wild Presents: Search for the Hottest Girl in America
tvshow-454-4.html,Glee
tvshow-807-1.html,Glory Daze
tvshow-1162-1.html,Go On
tvshow-708-1.html,Going Postal
tvshow-1286-1.html,Golden Boy
tvshow-114-6.html,Gossip Girl
tvshow-1287-1.html,Graceland
tvshow-686-1.html,Gravity
tvshow-622-1.html,Great British Railway Journeys
tvshow-480-1.html,Great Expectations
tvshow-1017-1.html,Great Expectations
tvshow-102-4.html,Greek
tvshow-1124-6.html,Green Acres
tvshow-1126-1.html,Green Lantern: The Animated Series
tvshow-386-2.html,Green Wing
tvshow-7-9.html,Grey's Anatomy
tvshow-1009-2.html,Grimm
tvshow-1003-1.html,Guilty Crown
tvshow-1177-1.html,Guys with Kids
tvshow-1179-1.html,H+
tvshow-542-3.html,H2O: Just Add Water
tvshow-1220-1.html,Halo 4: Forward Unto Dawn
tvshow-374-1.html,Hammer House of Horror
tvshow-538-1.html,Hank
tvshow-423-4.html,Hannah Montana
tvshow-1279-1.html,Hannibal
tvshow-935-2.html,Happily Divorced
tvshow-909-3.html,Happy Endings
tvshow-688-1.html,Happy Town
tvshow-406-1.html,Harper's Island
tvshow-848-2.html,Harry's law
tvshow-383-1.html,Harsh Realm
tvshow-996-2.html,Hart of Dixie
tvshow-1129-1.html,Hatfield & McCoys
tvshow-602-1.html,Haunted
tvshow-729-3.html,Haven
tvshow-776-3.html,Hawaii Five-0
tvshow-400-12.html,Hawaii Five-O
tvshow-476-3.html,Hawthorne
tvshow-627-1.html,Heartland
tvshow-1012-3.html,Hell On Wheels
tvshow-769-1.html,Hellcats
tvshow-1282-1.html,Hemlock Grove
tvshow-345-6.html,Hercules: The Legendary Journeys
tvshow-8-4.html,Heroes
tvshow-365-4.html,Heroes Webisodes
tvshow-568-2.html,Hex
tvshow-1001-1.html,Hidden
tvshow-44-1.html,Hidden Palms
tvshow-332-6.html,Highlander
tvshow-958-1.html,Highlander: The Raven
tvshow-1041-7.html,Hill Street Blues
tvshow-796-1.html,Him & Her
tvshow-623-1.html,History of Now: The Story of the Noughties
tvshow-1120-1.html,Hit and Miss
tvshow-999-2.html,Homeland
tvshow-946-7.html,Homicide: Life on the Street
tvshow-465-1.html,Hope Springs
tvshow-717-4.html,Hot in Cleveland
tvshow-164-4.html,Hotel Babylon
tvshow-9-8.html,House M.D.
tvshow-352-2.html,House of cards
tvshow-1246-1.html,House of Cards (US)
tvshow-1057-2.html,House of Lies
tvshow-110-8.html,How I Met Your Mother
tvshow-287-3.html,How Not to Live Your Life
tvshow-768-1.html,How The Universe Works
tvshow-990-1.html,How To Be A Gentleman
tvshow-1270-1.html,How to Live With Your Parents
tvshow-638-2.html,How to Make It in America
tvshow-709-1.html,Huge
tvshow-609-2.html,Human Target
tvshow-1272-1.html,Hunderby
tvshow-481-3.html,Hung
tvshow-1207-1.html,Hunted
tvshow-1199-1.html,Hunted (Nemesis)
tvshow-160-8.html,Hustle
tvshow-1204-1.html,I Claudius
tvshow-901-5.html,I Dream of Jeannie
tvshow-1032-1.html,I hate My Teenage Daughter
tvshow-1079-1.html,I Just Want My Pants Back
tvshow-694-4.html,iCarly
tvshow-1289-1.html,Ice Age Giants
tvshow-1052-7.html,iDeal
tvshow-726-1.html,Identity
tvshow-567-1.html,Il Capo dei Capi
tvshow-421-1.html,Important Things with Demetri Martin
tvshow-144-1.html,In Justice
tvshow-1240-1.html,In Nisi (The Island)
tvshow-198-5.html,In Plain Sight
tvshow-139-3.html,In Treatment
tvshow-927-1.html,Injustice
tvshow-1161-1.html,Inquisitio
tvshow-851-2.html,InSecurity
tvshow-1078-1.html,Inside Men
tvshow-617-12.html,Inspector Morse
tvshow-802-1.html,Into the Universe with Stephen Hawking
tvshow-256-1.html,Into the West
tvshow-184-1.html,Invasion
tvshow-975-1.html,Invisible Worlds
tvshow-812-1.html,IRIS
tvshow-1248-1.html,IRIS 2
tvshow-425-1.html,Iron Man: Armored Adventures
tvshow-243-8.html,It's Always Sunny in Philadelphia
tvshow-585-10.html,JAG
tvshow-325-1.html,Jake 2.0
tvshow-1053-1.html,Jane By Design
tvshow-261-1.html,Jane Eyre
tvshow-180-4.html,Jeeves and Wooster
tvshow-61-1.html,Jekyll
tvshow-348-2.html,Jeremiah
tvshow-37-2.html,Jericho
tvshow-959-4.html,Jersey Shore
tvshow-1122-1.html,Jesse Stone
tvshow-338-2.html,Joan Of Arcadia
tvshow-83-2.html,Joey
tvshow-155-1.html,John Adams
tvshow-571-1.html,John Doe
tvshow-79-1.html,John from Cincinnati
tvshow-449-4.html,Jonathan Creek
tvshow-108-1.html,Journeyman
tvshow-322-1.html,jPod
tvshow-558-1.html,Justice
tvshow-663-4.html,Justified
tvshow-107-1.html,K-Ville
tvshow-1073-1.html,Kaboul Kitchen
tvshow-861-1.html,Kane & Abel
tvshow-711-1.html,Kate plus 8
tvshow-333-1.html,Kath and Kim
tvshow-167-5.html,Keeping Up Appearances
tvshow-844-2.html,Kidnap & Ransom
tvshow-395-1.html,Kidnapped
tvshow-377-1.html,Killer Instinct
tvshow-884-2.html,King
tvshow-978-13.html,King of the hill
tvshow-759-3.html,Kingdom
tvshow-553-1.html,Kingdom Hospital
tvshow-360-1.html,Kings
tvshow-431-1.html,Kitchen Confidential
tvshow-163-1.html,Knight Rider
tvshow-306-4.html,Knight Rider 1982
tvshow-450-1.html,Knights of Bloodsteel
tvshow-250-11.html,Kommissar Rex
tvshow-401-1.html,Krod Mandoon and the Flaming Sword of Fire
tvshow-540-3.html,Kung Fu
tvshow-1214-2.html,Kung Fu Panda: Legends of Awesomeness
tvshow-10-3.html,Kyle XY
tvshow-356-5.html,La Femme Nikita
tvshow-318-10.html,La Piovra
tvshow-233-1.html,Lab Rats
tvshow-647-1.html,Land of the Giants
tvshow-674-4.html,Lark Rise To Candleford
tvshow-75-5.html,Las Vegas
tvshow-640-1.html,Last Chance to See
tvshow-1007-2.html,Last Man Standing
tvshow-1191-1.html,Last Resort
tvshow-277-20.html,Law & Order
tvshow-357-14.html,Law & Order SVU
tvshow-511-10.html,Law & Order: Criminal Intent
tvshow-794-1.html,Law & Order: Los Angeles
tvshow-529-1.html,Law & Order: Trial by Jury
tvshow-303-5.html,Law and Order UK
tvshow-364-2.html,Legend of the Seeker
tvshow-966-1.html,Legend Quest
tvshow-1228-2.html,Leonardo
tvshow-1074-1.html,Les hommes de l'ombre
tvshow-384-3.html,Les Invincibles
tvshow-1070-3.html,Les Mystères de L'amour
tvshow-1223-1.html,Les Revenants
tvshow-441-5.html,Leverage
tvshow-324-4.html,Lewis
tvshow-632-4.html,Lexx
tvshow-236-3.html,Lie To Me
tvshow-109-2.html,Life
tvshow-932-1.html,Life As We Know It
tvshow-120-1.html,Life is Wild
tvshow-90-2.html,Life on Mars (UK)
tvshow-297-1.html,Life on Mars USA
tvshow-625-2.html,Life Unexpected
tvshow-1021-1.html,Life's Too Short
tvshow-840-1.html,Lights Out
tvshow-1164-1.html,Line Of Duty
tvshow-809-2.html,Lip Service
tvshow-150-2.html,Lipstick Jungle
tvshow-397-3.html,Little Britain
tvshow-291-1.html,Little Britain USA
tvshow-403-1.html,Little Dorrit
tvshow-330-6.html,Little Mosque on the Prairie
tvshow-813-6.html,Live At The Apollo
tvshow-219-4.html,Lois & Clark: The New Adventures of Superman
tvshow-779-1.html,Lone Star
tvshow-592-1.html,Lonesome Dove
tvshow-1299-1.html,Long Way Round
tvshow-1130-2.html,Longmire
tvshow-936-1.html,Lorna Doone
tvshow-1208-3.html,Los protegidos
tvshow-3-6.html,Lost
tvshow-772-3.html,Lost Girl
tvshow-254-1.html,Lost in Austen
tvshow-578-3.html,Lost in Space
tvshow-757-3.html,Louie
tvshow-910-1.html,Love Bites
tvshow-1108-1.html,Love Life
tvshow-868-6.html,Lovejoy
tvshow-1315-20.html,Low Winter Sun
tvshow-1029-1.html,Luck
tvshow-238-1.html,Lucky Louie
tvshow-577-1.html,Lunch Monkeys
tvshow-693-3.html,Luther
tvshow-260-7.html,MacGyver
tvshow-780-1.html,Mad
tvshow-1042-7.html,Mad About You
tvshow-871-3.html,Mad Dogs
tvshow-876-1.html,Mad Love
tvshow-136-6.html,Mad Men
tvshow-1193-1.html,Made in Jersey
tvshow-1061-2.html,Magic City
tvshow-1168-2.html,Major Crimes
tvshow-483-3.html,Make It or Break It
tvshow-422-7.html,Malcolm in the Middle
tvshow-1200-1.html,Malibu Country
tvshow-1006-1.html,Man Up!
tvshow-872-1.html,Marchlands
tvshow-639-1.html,Married Single Other
tvshow-215-11.html,Married with Childrens
tvshow-874-1.html,Mary Bryant
tvshow-836-1.html,Mary Stayed out all Night
tvshow-409-2.html,Masters of Horror
tvshow-230-1.html,Masters of Science Fiction
tvshow-651-1.html,Material Girl
tvshow-1244-1.html,Matroesjka's
tvshow-1273-1.html,Mayday (UK)
tvshow-45-1.html,Meadowlands
tvshow-470-1.html,Medical Investigation
tvshow-12-7.html,Medium
tvshow-752-2.html,Melissa & Joey
tvshow-189-7.html,Melrose Place
tvshow-516-1.html,Melrose Place 2009
tvshow-736-2.html,Memphis Beat
tvshow-351-6.html,Men Behaving Badly
tvshow-127-2.html,Men in Trees
tvshow-604-2.html,Men of a Certain Age
tvshow-461-1.html,Mental
tvshow-532-1.html,Mercy
tvshow-259-5.html,Merlin
tvshow-415-5.html,Messiah
tvshow-430-3.html,Metalocalypse
tvshow-675-1.html,Miami Medical
tvshow-208-5.html,Miami Vice
tvshow-618-15.html,Midsomer Murders
tvshow-1089-1.html,Mighty Morphin Power Rangers
tvshow-777-3.html,Mike & Molly
tvshow-893-1.html,Mildred Pierce
tvshow-328-3.html,Millennium
tvshow-581-3.html,Miranda
tvshow-582-4.html,Misfits
tvshow-1086-1.html,Miss Fisher's Murder Mysteries
tvshow-654-1.html,Miss Guided
tvshow-1230-1.html,Miss Ripley
tvshow-664-2.html,Missing
tvshow-1097-1.html,Missing 2012
tvshow-587-9.html,Mission Impossible
tvshow-1113-2.html,Mission: Impossible (1988)
tvshow-310-3.html,Mistresses
tvshow-1294-1.html,Mistresses (US)
tvshow-1215-1.html,Mockingbird lane
tvshow-510-4.html,Modern Family
tvshow-1274-1.html,Monday Mornings
tvshow-85-8.html,Monk
tvshow-882-2.html,Monroe
tvshow-586-4.html,Monty Python's Flying Circus
tvshow-117-1.html,Moonlight
tvshow-535-5.html,Moonlighting
tvshow-912-1.html,Mortal Kombat Legacy
tvshow-405-1.html,Mortal Kombat: Conquest
tvshow-312-1.html,Moses Jones
tvshow-1257-1.html,Motive
tvshow-588-1.html,Mr. Bean
tvshow-1275-1.html,Mr. Selfridge (UK)
tvshow-864-1.html,Mr. Sunshine
tvshow-1063-2.html,Mrs Brown's Boys
tvshow-1182-1.html,Mrs. Biggs
tvshow-565-1.html,Murderland
tvshow-1142-6.html,Murdoch Mysteries
tvshow-948-3.html,Mutant X
tvshow-947-1.html,My Babysitter's a Vampire
tvshow-496-1.html,My Big Fat Greek Life
tvshow-790-1.html,My Generation
tvshow-1259-1.html,My Mad Fat Diary
tvshow-15-4.html,My Name Is Earl
tvshow-305-1.html,My Own Worst Enemy
tvshow-471-1.html,My So-Called Life
tvshow-1221-11.html,Mythbusters
tvshow-737-1.html,Napoleon
tvshow-1087-1.html,Napoleon Dynamite
tvshow-1195-1.html,Nashville
tvshow-30-10.html,NCIS
tvshow-513-4.html,NCIS: Los Angeles
tvshow-941-2.html,Necessary Roughness
tvshow-718-1.html,Neighbors From Hell
tvshow-1002-1.html,Neverland (2011)
tvshow-283-1.html,Neverwhere
tvshow-153-1.html,New Amsterdam
tvshow-977-2.html,New Girl
tvshow-522-8.html,New Tricks
tvshow-355-1.html,Night Stalker
tvshow-554-1.html,Nightmares and Dreamscapes: From the Stories of Stephen King
tvshow-753-3.html,Nikita
tvshow-23-7.html,Nip/Tuck
tvshow-258-1.html,No Heroics
tvshow-762-1.html,No Ordinary Family
tvshow-1305-2.html,Noah's Arc
tvshow-801-1.html,North & South
tvshow-241-6.html,Northern Exposure
tvshow-1178-2.html,NTSF SD SUV
tvshow-11-6.html,Numb3rs
tvshow-462-5.html,Nurse Jackie
tvshow-1109-1.html,NYC 22
tvshow-543-12.html,NYPD Blue
tvshow-477-1.html,Occupation
tvshow-132-2.html,October Road
tvshow-1300-1.html,Odysseus
tvshow-1252-1.html,Odyssey 5
tvshow-673-2.html,Off Centre
tvshow-527-1.html,Off The Hook
tvshow-834-1.html,Off The Map
tvshow-1054-2.html,"Oh, Doctor Beeching!"
tvshow-228-1.html,Oliver Twist
tvshow-1010-2.html,Once Upon A Time
tvshow-1276-1.html,One Night (UK)
tvshow-16-9.html,One Tree Hill
tvshow-873-1.html,Onion News Network
tvshow-1308-1.html,Orange Is The New Black
tvshow-1277-1.html,Orphan Black
tvshow-608-1.html,Our Mutual Friend
tvshow-869-1.html,Outcasts
tvshow-773-1.html,Outlaw
tvshow-791-1.html,Outsourced
tvshow-93-1.html,Over There
tvshow-36-6.html,Oz
tvshow-35-1.html,Painkiller Jane
tvshow-995-1.html,Pan Am
tvshow-1176-1.html,Parade's End
tvshow-584-1.html,Paradox
tvshow-1318-3.html,paranormal witness
tvshow-645-4.html,Parenthood
tvshow-412-5.html,Parks and Recreation
tvshow-1186-1.html,Partners
tvshow-382-2.html,Party Down
tvshow-637-1.html,Past Life
tvshow-867-8.html,Peep Show
tvshow-82-1.html,Pepper Dennis
tvshow-1148-2.html,Perception
tvshow-830-1.html,Perfect Couples
tvshow-473-8.html,Perfect Strangers
tvshow-984-2.html,Person of Interest
tvshow-1065-1.html,Persona 4
tvshow-1030-1.html,Personal Taste
tvshow-704-1.html,Persons Unknown
tvshow-699-1.html,Pioneer One
tvshow-396-1.html,Place of Execution
tvshow-689-1.html,Planet Earth
tvshow-685-1.html,Planet Earth:The Future
tvshow-331-1.html,Planet of the Apes
tvshow-347-1.html,Point Pleasant
tvshow-246-13.html,Poirot
tvshow-600-12.html,Pokemon
tvshow-190-1.html,Police Squad
tvshow-1151-1.html,Political Animals
tvshow-442-4.html,Poltergeist: The Legacy
tvshow-1157-1.html,Polyamory: Married & Dating
tvshow-179-1.html,Popetown
tvshow-890-1.html,Portlandia
tvshow-814-18.html,Power Rangers
tvshow-706-4.html,Pretty Little Liars
tvshow-614-1.html,Prey
tvshow-444-1.html,Pride and Prejudice
tvshow-797-7.html,Prime Suspect
tvshow-988-1.html,Prime Suspect US
tvshow-130-5.html,Primeval
tvshow-1217-1.html,Primeval: New World
tvshow-765-1.html,Princess Lover!
tvshow-2-4.html,Prison Break
tvshow-115-6.html,Private Practice
tvshow-248-1.html,Privileged
tvshow-903-4.html,Profiler
tvshow-226-5.html,Project Runway
tvshow-17-7.html,Psych
tvshow-475-2.html,Psychoville
tvshow-702-1.html,Pulse (UK)
tvshow-116-2.html,Pushing Daisies
tvshow-629-9.html,QI
tvshow-320-5.html,Quantum Leap
tvshow-229-5.html,Queer As Folk
tvshow-641-2.html,Queer as folk uk
tvshow-612-7.html,Quite Interesting
tvshow-784-3.html,Raising Hope
tvshow-286-2.html,Raising the Bar
tvshow-1037-1.html,Rake
tvshow-1302-1.html,Ray Donovan
tvshow-112-2.html,Reaper
tvshow-1044-4.html,Rebelde
tvshow-1271-1.html,Rectify
tvshow-349-9.html,Red Dwarf
tvshow-319-1.html,Red Riding
tvshow-1260-1.html,Red Widow
tvshow-152-4.html,ReGenesis
tvshow-816-2.html,Reggie Perrin
tvshow-278-3.html,Relic Hunter
tvshow-1045-6.html,Reno 911!
tvshow-621-2.html,Republic Of Doyle
tvshow-91-7.html,Rescue Me
tvshow-1235-1.html,Restless (UK)
tvshow-755-1.html,Rev
tvshow-967-2.html,Revenge
tvshow-1154-2.html,Revolution
tvshow-672-2.html,"Rich Man, Poor Man"
tvshow-1303-1.html,Riese: Kingdom Falling
tvshow-968-1.html,Ringer
tvshow-1232-1.html,Ripper Street
tvshow-684-1.html,Riverworld
tvshow-735-4.html,Rizzoli and Isles
tvshow-1210-1.html,Roar
tvshow-1023-1.html,Rob
tvshow-121-3.html,Robin Hood
tvshow-719-1.html,Robocop
tvshow-334-4.html,Robot Chicken
tvshow-1285-1.html,Robot Combat League
tvshow-1284-1.html,Rogue
tvshow-683-1.html,Romantically Challenged
tvshow-63-2.html,Rome
tvshow-701-4.html,Rookie Blue
tvshow-376-1.html,Roommates
tvshow-1048-9.html,Roseanne
tvshow-159-3.html,Roswell
tvshow-464-5.html,Royal Pains
tvshow-697-1.html,Rubicon
tvshow-526-1.html,Ruby and The Rockits
tvshow-341-7.html,Rules Of Engagement
tvshow-785-1.html,Running Wilde
tvshow-665-1.html,Sabrina The Teenage Witch
tvshow-123-2.html,Samantha Who?
tvshow-255-1.html,Samurai Girl
tvshow-636-4.html,Samurai Jack
tvshow-408-4.html,Sanctuary
tvshow-282-1.html,Sanctuary Webepisodes
tvshow-660-3.html,Satisfaction
tvshow-519-4.html,Saved by the Bell
tvshow-104-3.html,Saving Grace
tvshow-1128-2.html,Saving Hope
tvshow-1101-2.html,Scandal
tvshow-763-1.html,Scooby-Doo! Mystery Incorporated
tvshow-880-2.html,"Scooby-Doo, Where Are You!"
tvshow-931-3.html,Scott and Bailey
tvshow-722-1.html,Scoundrels
tvshow-26-9.html,Scrubs
tvshow-363-1.html,Scrubs:Interns
tvshow-240-3.html,SeaQuest DSV
tvshow-196-4.html,Secret Diary Of A Call Girl
tvshow-552-1.html,Secret Girlfriend
tvshow-1222-1.html,Secret State
tvshow-89-9.html,Seinfeld
tvshow-445-1.html,Sense And Sensibility
tvshow-1175-1.html,Serial Experiments Lain
tvshow-68-6.html,Sex and the City
tvshow-820-2.html,Shake it up
tvshow-193-11.html,Shameless
tvshow-825-3.html,Shameless (US)
tvshow-24-2.html,Shark
tvshow-186-6.html,Sharpe
tvshow-767-1.html,Shattered
tvshow-572-2.html,She Spies
tvshow-748-2.html,Sherlock
tvshow-270-7.html,Sherlock Holmes
tvshow-1278-1.html,Shetland (UK)
tvshow-795-1.html,Shit My Dad Says
tvshow-1306-1.html,Siberia
tvshow-288-15.html,Silent Witness
tvshow-918-2.html,Silk
tvshow-1149-1.html,Sinbad
tvshow-446-1.html,Sinchronicity
tvshow-808-1.html,Single Father
tvshow-934-1.html,Sirens
tvshow-574-1.html,Sit Down Shut Up
tvshow-433-1.html,"Sit Down, Shut Up"
tvshow-656-1.html,Six Degrees
tvshow-94-5.html,Six Feet Under
tvshow-1312-5.html,Six Million Dollar Man
tvshow-147-7.html,Skins
tvshow-847-1.html,Skins (US)
tvshow-472-2.html,Sledge Hammer
tvshow-375-2.html,Sleeper Cell
tvshow-294-5.html,Sliders
tvshow-385-3.html,Slings and Arrows
tvshow-1-10.html,Smallville
tvshow-1062-2.html,Smash
tvshow-536-10.html,So You Think You Can Dance
tvshow-378-2.html,Sonny with a Chance
tvshow-267-5.html,Sons of Anarchy
tvshow-501-1.html,Sons of Tucson
tvshow-203-2.html,Sophie
tvshow-173-3.html,South of Nowhere
tvshow-71-16.html,South Park
tvshow-858-1.html,South Riding
tvshow-404-5.html,Southland
tvshow-279-2.html,Space: 1999
tvshow-280-1.html,Space: Above and Beyond
tvshow-192-2.html,Spaced
tvshow-607-3.html,Spartacus: Blood and Sand
tvshow-854-1.html,Spartacus: Gods of the Arena
tvshow-1027-2.html,Spartacus: Vengeance
tvshow-1238-3.html,Spartacus: War of the Damned
tvshow-520-3.html,Spawn
tvshow-249-6.html,Spin City
tvshow-148-10.html,Spooks
tvshow-1253-2.html,Spy
tvshow-70-1.html,Standoff
tvshow-439-3.html,Star Trek (ToS)
tvshow-326-7.html,Star Trek: Deep Space Nine
tvshow-366-4.html,Star Trek: Enterprise
tvshow-321-7.html,Star Trek: The Next Generation
tvshow-379-7.html,Star Trek: Voyager
tvshow-281-5.html,Star Wars: The Clone Wars
tvshow-54-5.html,Stargate Atlantis
tvshow-53-11.html,Stargate SG-1
tvshow-544-2.html,Stargate Universe
tvshow-732-1.html,Stark Raving Mad
tvshow-940-1.html,State of Georgia
tvshow-337-1.html,State Of Play
tvshow-590-2.html,Steven Seagal: Lawman
tvshow-944-1.html,Stolen
tvshow-669-4.html,Strange Days at Blake Holsey High
tvshow-488-2.html,Stressed Eric
tvshow-690-4.html,Strike Back
tvshow-33-1.html,Studio 60 on the Sunset Strip
tvshow-997-2.html,Suburgatory
tvshow-299-2.html,Sugar Rush
tvshow-937-3.html,Suits
tvshow-413-1.html,Summer Heights High
tvshow-828-1.html,SuperJail!
tvshow-19-8.html,Supernatural
tvshow-1035-1.html,Supernatural: The Animation
tvshow-502-1.html,Surface
tvshow-417-1.html,Surviving Suburbia
tvshow-381-22.html,Survivor
tvshow-420-3.html,Survivors
tvshow-1118-2.html,Swat Kats: The Radical Squadron
tvshow-1068-2.html,Swinging
tvshow-202-1.html,Swingtown
tvshow-925-2.html,Switched at Birth
tvshow-770-1.html,Sym-Bionic Titan
tvshow-1293-1.html,Tajuu jinkaku tantei saiko
tvshow-67-1.html,Taken
tvshow-343-7.html,Tales From The Crypt
tvshow-751-2.html,Tangle
tvshow-1039-5.html,Teen Titans
tvshow-923-3.html,Teen Wolf
tvshow-182-1.html,Tell Me You Love Me
tvshow-128-2.html,Terminator: The Sarah Connor Chronicles
tvshow-976-1.html,Terra Nova
tvshow-754-1.html,Terriers
tvshow-447-1.html,Tess of the D'Urbervilles
tvshow-402-1.html,Testees
tvshow-633-8.html,That '70s Show
tvshow-323-1.html,That's My Bush!
tvshow-598-1.html,The 10th Kingdom
tvshow-20-4.html,The 4400
tvshow-743-2.html,The Addams Family
tvshow-1317-3.html,The Almighty Johnsons
tvshow-438-19.html,The Amazing Race
tvshow-1251-1.html,The Americans
tvshow-181-1.html,The Andromeda Strain
tvshow-746-10.html,The Apprentice
tvshow-1153-8.html,The Apprentice (UK)
tvshow-1024-7.html,The Avengers
tvshow-895-5.html,The Batman
tvshow-274-1.html,The Beast
tvshow-528-1.html,The Beautiful Life
tvshow-1269-1.html,The Bible
tvshow-154-6.html,The Big Bang Theory
tvshow-749-4.html,The Big C
tvshow-216-1.html,The Black Donnellys
tvshow-1174-1.html,The Bletchley Circle
tvshow-983-1.html,The Body Farm
tvshow-744-3.html,The Boondocks
tvshow-891-3.html,The Borgias
tvshow-667-1.html,The Bridge
tvshow-1313-1.html,The Bridge (US)
tvshow-827-1.html,The Cape
tvshow-1255-1.html,The Carrie Diaries
tvshow-865-1.html,The Chicago Code
tvshow-668-3.html,The Chronicles of Narnia
tvshow-557-1.html,The Civil War
tvshow-635-1.html,The Class
tvshow-225-2.html,The Cleaner
tvshow-484-4.html,The Cleveland Show
tvshow-1104-2.html,The Client List
tvshow-78-7.html,The Closer
tvshow-962-1.html,The Code
tvshow-390-5.html,The Commander
tvshow-235-1.html,The Company
tvshow-892-1.html,The Confession
tvshow-904-1.html,The Crimson Petal and the White
tvshow-418-1.html,The Day of the Triffids
tvshow-619-1.html,The Day of the Triffids 2009
tvshow-31-6.html,The Dead Zone
tvshow-724-1.html,The Deep
tvshow-630-1.html,The Deep End
tvshow-789-1.html,The Defenders
tvshow-428-1.html,The Devil's Whore
tvshow-224-1.html,The Diary of Anne Frank
tvshow-1267-1.html,The Doctor Blake Mysteries
tvshow-64-1.html,The Dresden Files
tvshow-756-1.html,The Dudesons in America
tvshow-380-5.html,The Dukes of Hazzard
tvshow-775-1.html,The Event
tvshow-273-1.html,The EX List
tvshow-1067-2.html,The Exes
tvshow-991-1.html,The Fades
tvshow-1290-1.html,The Fall
tvshow-517-3.html,The Fast Show
tvshow-1046-1.html,The Finder
tvshow-1055-1.html,The Firm
tvshow-564-1.html,The First World War
tvshow-213-2.html,The Fixer
tvshow-370-1.html,The Flash
tvshow-1247-1.html,The Following
tvshow-506-1.html,The Forgotten
tvshow-1295-1.html,The Fosters
tvshow-589-6.html,The Fresh Prince of Bel-Air
tvshow-721-1.html,The Gates
tvshow-658-1.html,The Genius of Photography
tvshow-734-4.html,The Glades
tvshow-1132-2.html,The Glee Project
tvshow-695-1.html,The Good Guys
tvshow-514-4.html,The Good Wife
tvshow-1288-1.html,The Goodwin Games
tvshow-335-1.html,The Grid
tvshow-703-3.html,The Guardian
tvshow-1216-6.html,The Guild
tvshow-716-2.html,The Hard Times Of R.J. Burger
tvshow-919-2.html,The Hard Times of RJ Berger
tvshow-523-6.html,The Hills
tvshow-887-1.html,The Hitchhiker's Guide to the Galaxy
tvshow-1146-1.html,The Hollow Crown
tvshow-952-2.html,The Hour
tvshow-197-3.html,The Inbetweeners
tvshow-818-2.html,The Increasingly Poor Decisions of Todd Margaret
tvshow-573-6.html,The Inspector Lynley Mysteries
tvshow-857-2.html,The Invisible Man
tvshow-327-1.html,The Invisibles
tvshow-185-4.html,The IT Crowd
tvshow-611-1.html,The Jeff Dunham Show
tvshow-467-2.html,The Job
tvshow-1015-1.html,The Jury
tvshow-898-1.html,The Kennedys
tvshow-595-1.html,The Kill Point
tvshow-897-3.html,The Killing
tvshow-839-9.html,The King of Queens
tvshow-452-1.html,The Knights of Prosperity
tvshow-74-6.html,The L Word
tvshow-1056-2.html,The L.A. Complex
tvshow-849-2.html,The Lair
tvshow-354-1.html,The Last Enemy
tvshow-289-1.html,The Last Templar
tvshow-800-4.html,The League
tvshow-1099-1.html,The Legend of Korra
tvshow-350-2.html,The Life and Times of Tim
tvshow-346-4.html,The Listener
tvshow-650-1.html,The Lone Gunmen
tvshow-1013-1.html,The Looney Tunes Show
tvshow-942-2.html,The Loop
tvshow-1106-1.html,The Lost Prince
tvshow-455-1.html,The Lost Room
tvshow-817-3.html,The lost World
tvshow-961-2.html,The Lying Game
tvshow-652-1.html,The Magnificent Seven
tvshow-231-5.html,The Mentalist
tvshow-512-4.html,The Middle
tvshow-222-1.html,The Middleman
tvshow-187-3.html,The Mighty Boosh
tvshow-1188-1.html,The Mindy Project
tvshow-1185-1.html,The Mob Doctor
tvshow-745-2.html,The Munsters
tvshow-1082-1.html,The Mystery of Edwin Drood
tvshow-429-6.html,The Nanny
tvshow-1190-1.html,The Neighbors
tvshow-174-1.html,The Net
tvshow-358-5.html,The New Adventures Of Old Christine
tvshow-1159-1.html,The New Normal
tvshow-1131-2.html,The Newsroom
tvshow-886-1.html,The Nine Lives of Chloe King
tvshow-162-1.html,The No. 1 Ladies' Detective Agency
tvshow-21-4.html,The O.C.
tvshow-58-9.html,The Office
tvshow-576-2.html,The Office (UK)
tvshow-1156-8.html,The Onedin Line
tvshow-1297-1.html,The Originals
tvshow-211-7.html,The Outer Limits
tvshow-1213-2.html,The Outer Limits (1963)
tvshow-662-1.html,The Pacific
tvshow-1202-1.html,The Paradise
tvshow-914-1.html,The Paul Reiser Show
tvshow-315-2.html,The Penguins Of Madagascar
tvshow-1242-1.html,The Persuaders!
tvshow-723-1.html,The Phantom
tvshow-479-1.html,The Philanthropist
tvshow-747-1.html,The Pillars Of The Earth
tvshow-980-1.html,The Playboy Club
tvshow-1310-1.html,The Politicians Husband
tvshow-631-8.html,The Practice
tvshow-245-4.html,The Pretender
tvshow-583-1.html,The Prisoner
tvshow-1218-1.html,The Prisoner
tvshow-1111-1.html,The Promise
tvshow-930-1.html,The Protector
tvshow-715-3.html,The Real L Word
tvshow-518-5.html,The Ren & Stimpy Show
tvshow-156-2.html,The Riches
tvshow-643-1.html,The Ricky Gervais Show
tvshow-1077-1.html,The River
tvshow-894-1.html,The Runaway
tvshow-316-5.html,The Sarah Jane Adventures
tvshow-969-1.html,The Secret Circle
tvshow-218-5.html,The Secret Life of the American Teenager
tvshow-1225-1.html,The Secret Of Crickley Hall
tvshow-926-1.html,The Shadow Line
tvshow-40-7.html,The Shield
tvshow-740-1.html,The Silence
tvshow-841-1.html,The Silver Surfer
tvshow-234-5.html,The Simple Life
tvshow-32-24.html,The Simpsons
tvshow-1237-1.html,The Singing Detective
tvshow-1314-5.html,The Six Million Dollar Man
tvshow-207-1.html,The Six Wives of Henry VIII
tvshow-18-6.html,The Sopranos
tvshow-392-2.html,The Starter Wife
tvshow-393-1.html,The State Within
tvshow-1181-1.html,The Straits
tvshow-492-3.html,The Street
tvshow-1203-3.html,The Suite Life Of Zack And Cody
tvshow-308-1.html,The Suite Life on Deck
tvshow-1180-1.html,The Syndicate
tvshow-730-3.html,The Thick of It
tvshow-344-2.html,The Thin Blue Line
tvshow-626-1.html,The Time Tunnel
tvshow-929-1.html,The Trap: What Happened to Our Dream of Freedom
tvshow-551-1.html,The Triangle
tvshow-829-5.html,The Tribe
tvshow-76-4.html,The Tudors
tvshow-580-3.html,The Twilight Zone
tvshow-606-1.html,The Twilight Zone - 2002
tvshow-666-5.html,The Twilight Zone 1959
tvshow-47-4.html,The Unit
tvshow-440-7.html,The Universe
tvshow-410-1.html,The Unusuals
tvshow-525-4.html,The Vampire Diaries
tvshow-810-4.html,The Venture Bros.
tvshow-921-4.html,The Voice
tvshow-1115-1.html,The Voice Australia
tvshow-806-3.html,The Walking Dead
tvshow-411-9.html,The Waltons
tvshow-80-2.html,The War at Home
tvshow-1201-1.html,The Wedding Band
tvshow-168-7.html,The West Wing
tvshow-1301-1.html,The White Queen
tvshow-1134-5.html,The Whitest Kids U' Know
tvshow-788-1.html,The Whole Truth
tvshow-855-4.html,The Wild Wild West
tvshow-597-1.html,The Winds of War
tvshow-1121-1.html,The Wingless Bird
tvshow-72-5.html,The Wire
tvshow-457-6.html,The Wonder Years
tvshow-556-1.html,The World at War
tvshow-989-2.html,The X-Factor US
tvshow-100-9.html,The X-Files
tvshow-1091-1.html,The Young Indiana Jones Chronicles
tvshow-489-1.html,The Young Victoria
tvshow-561-1.html,Thief
tvshow-426-6.html,Third Watch
tvshow-824-2.html,This is England ‘86
tvshow-917-1.html,Thor & Loki Blood Brothers
tvshow-803-1.html,Thorne
tvshow-534-1.html,Three Rivers
tvshow-96-1.html,Threshold
tvshow-710-2.html,Through the Wormhole
tvshow-548-2.html,ThunderCats
tvshow-902-2.html,ThunderCats
tvshow-954-1.html,ThunderCats (2011)
tvshow-171-4.html,Til Death
tvshow-122-1.html,Tin Man
tvshow-1103-1.html,Titanic
tvshow-842-2.html,Todd & The Book Of Pure Evil
tvshow-1076-1.html,Toledo: Cruce de Destinos
tvshow-232-19.html,Top Gear
tvshow-821-1.html,Top Gear (US)
tvshow-399-1.html,Top Gear Australia
tvshow-1263-1.html,Top Of The Lake
tvshow-135-4.html,Torchwood
tvshow-870-3.html,Torchwood Declassified
tvshow-956-1.html,Torchwood: Web of lies
tvshow-1066-2.html,Touch
tvshow-764-1.html,Touching evil
tvshow-1043-3.html,Tour of Duty
tvshow-805-1.html,Tower Prep
tvshow-908-1.html,Traffic Light
tvshow-1268-7.html,Trailer Park Boys
tvshow-1116-4.html,Transformers
tvshow-862-1.html,Transformers Prime
tvshow-1234-1.html,Transporter: The Series
tvshow-515-1.html,Trauma
tvshow-41-1.html,Traveler
tvshow-1051-1.html,Treasure Island
tvshow-677-3.html,Treme
tvshow-698-1.html,Tremors
tvshow-262-12.html,Trial and Retribution
tvshow-531-1.html,Trinity
tvshow-188-3.html,Tripping The Rift
tvshow-1138-1.html,Tron: Uprising
tvshow-4-2.html,Tru Calling
tvshow-205-6.html,True Blood
tvshow-727-3.html,True Blood: Minisodes
tvshow-1137-1.html,True Love
tvshow-300-2.html,Trust Me
tvshow-169-2.html,Twin Peaks
tvshow-1298-1.html,Twisted
tvshow-56-10.html,Two and a Half Men
tvshow-883-4.html,"Two Guys, a Girl and a Pizza Place"
tvshow-1150-1.html,UFO
tvshow-676-2.html,Ugly Americans
tvshow-34-4.html,Ugly Betty
tvshow-194-4.html,Ultimate Force
tvshow-1136-1.html,Ultimate Spider-Man
tvshow-272-1.html,Undeclared
tvshow-1304-1.html,Under the Dome
tvshow-435-3.html,Underbelly
tvshow-786-1.html,Undercovers
tvshow-1198-1.html,Underemployed
tvshow-987-2.html,Unforgettable
tvshow-157-1.html,Unhitched
tvshow-239-3.html,United States Of Tara
tvshow-714-1.html,Unnatural History
tvshow-1069-1.html,Unsupervised
tvshow-982-2.html,Up All Night
tvshow-831-2.html,Upstairs Downstairs
tvshow-1250-1.html,Utopia
tvshow-569-2.html,V
tvshow-1209-1.html,V: The Series
tvshow-913-2.html,Vampire Knight
tvshow-550-1.html,Vanished
tvshow-1117-2.html,Veep
tvshow-1189-1.html,Vegas
tvshow-922-2.html,Vera
tvshow-22-3.html,Veronica Mars
tvshow-758-2.html,Vexed
tvshow-681-4.html,Victorious
tvshow-1265-1.html,Vikings
tvshow-478-1.html,Virtuality
tvshow-1026-1.html,Voice
tvshow-682-1.html,Voyagers!
tvshow-521-8.html,Waking the Dead
tvshow-424-3.html,Wallander
tvshow-591-1.html,War and Remembrance
tvshow-482-4.html,Warehouse 13
tvshow-498-2.html,Web Therapy
tvshow-949-1.html,Web Therapy
tvshow-73-8.html,Weeds
tvshow-302-5.html,Weird Science
tvshow-603-2.html,What About Brian
tvshow-1019-4.html,What I Like About You
tvshow-566-4.html,White Collar
tvshow-290-3.html,Whitechapel
tvshow-965-2.html,Whitney
tvshow-1004-1.html,Wild Boys
tvshow-938-3.html,Wilfred (US)
tvshow-172-8.html,Will & Grace
tvshow-560-1.html,Windfall
tvshow-750-1.html,Winter Sonata
tvshow-359-6.html,Wire in the Blood
tvshow-485-2.html,Witchblade
tvshow-105-7.html,Without a Trace
tvshow-680-4.html,Wizards Of Waverly Place
tvshow-1227-1.html,Wizards vs Aliens
tvshow-284-1.html,Wolverine and the X-Men
tvshow-166-1.html,Women's Murder Club
tvshow-253-3.html,Wonder Woman
tvshow-165-1.html,Wonderfalls
tvshow-1094-1.html,Wonders of the Solar System
tvshow-881-1.html,Wonders of the Universe
tvshow-1059-1.html,Work It
tvshow-928-4.html,Workaholics
tvshow-505-1.html,World Without End
tvshow-263-1.html,Worst Week
tvshow-575-1.html,Wuthering Heights
tvshow-671-4.html,X-Men Evolution
tvshow-307-6.html,Xena: Warrior Princess
tvshow-220-1.html,XIII: The Conspiracy
tvshow-850-1.html,XIII: The Series
tvshow-549-3.html,Yes Minister
tvshow-620-2.html,Young Dracula
tvshow-1160-1.html,Young Hercules
tvshow-1000-2.html,Young Justice
tvshow-1090-1.html,Yu-Gi-Oh
tvshow-856-1.html,Zen
tvshow-1249-1.html,Zero Hour
tvshow-1264-1.html,Zombieland
tvshow-579-2.html,Zorro
